Timestamp,AnonRegion,AnonUserId,AnonAppName,AnonFunctionInvocationId,AnonBlobName,BlobType,AnonBlobETag,BlobBytes,Read,Write,Datetime
1606714231054,nd6,1209884869,q8act97c,1806324270,1wx5dgohq1kiwjum,BlockBlob/text/plain; charset=utf-8,fe17pjoa6k,28.0,True,False,2020-11-30 05:30:31.054
1606714231063,nd6,1209884869,q8act97c,1923686281,1wx5dgohq1kiwjum,BlockBlob/text/plain; charset=utf-8,fe17pjoa6k,28.0,True,False,2020-11-30 05:30:31.063
1606714231153,q2d,1209884869,n0nh88df,1086034482,1wx5dgohq1kiwjum,BlockBlob/text/plain; charset=utf-8,fe17pjoa6k,28.0,True,False,2020-11-30 05:30:31.153
1606714231154,q2d,1209884869,n0nh88df,52413712,1wx5dgohq1kiwjum,BlockBlob/text/plain; charset=utf-8,fe17pjoa6k,28.0,True,False,2020-11-30 05:30:31.154
1606714231158,q2d,1209884869,n0nh88df,1567662830,1wx5dgohq1kiwjum,BlockBlob/text/plain; charset=utf-8,fe17pjoa6k,28.0,True,False,2020-11-30 05:30:31.158
1606714231161,q2d,1209884869,n0nh88df,1908444605,1wx5dgohq1kiwjum,BlockBlob/text/plain; charset=utf-8,fe17pjoa6k,28.0,True,False,2020-11-30 05:30:31.161
1606714231166,q2d,1209884869,n0nh88df,1067446346,1wx5dgohq1kiwjum,BlockBlob/text/plain; charset=utf-8,fe17pjoa6k,28.0,True,False,2020-11-30 05:30:31.166
1606714231168,q2d,1209884869,n0nh88df,390743302,1wx5dgohq1kiwjum,BlockBlob/text/plain; charset=utf-8,fe17pjoa6k,28.0,True,False,2020-11-30 05:30:31.168
1606714231262,q2d,1209884869,xe6cd5yr,875186713,1wx5dgohq1kiwjum,BlockBlob/text/plain; charset=utf-8,fe17pjoa6k,28.0,True,False,2020-11-30 05:30:31.262
